<?xml version="1.0" encoding="UTF-8"?>
<project-private xmlns="http://www.netbeans.org/ns/project-private/1">
    <data xmlns="http://www.netbeans.org/ns/make-project-private/1">
        <activeConfTypeElem>1</activeConfTypeElem>
        <activeConfIndexElem>0</activeConfIndexElem>
    </data>
    <editor-bookmarks xmlns="http://www.netbeans.org/ns/editor-bookmarks/2" lastBookmarkId="0"/>
    <open-files xmlns="http://www.netbeans.org/ns/projectui-open-files/2">
        <group>
            <file>file:/C:/Users/chrisrk192/Desktop/Fall17/SystemSimulation/CSC454HW6/cpphw3Models/CppImpOfHW5/EventScheduler.h</file>
            <file>file:/C:/Users/chrisrk192/Desktop/Fall17/SystemSimulation/CSC454HW6/cpphw3Models/CppImpOfHW5/main.cpp</file>
            <file>file:/C:/Users/chrisrk192/Desktop/Fall17/SystemSimulation/CSC454HW6/cpphw3Models/CppImpOfHW5/XOR.cpp</file>
            <file>file:/C:/Users/chrisrk192/Desktop/Fall17/SystemSimulation/CSC454HW6/cpphw3Models/CppImpOfHW5/XOR.h</file>
            <file>file:/C:/Users/chrisrk192/Desktop/Fall17/SystemSimulation/CSC454HW6/cpphw3Models/CppImpOfHW5/Event.h</file>
            <file>file:/C:/Users/chrisrk192/Desktop/Fall17/SystemSimulation/CSC454HW6/cpphw3Models/CppImpOfHW5/DrillPressModel.cpp</file>
            <file>file:/C:/Users/chrisrk192/Desktop/Fall17/SystemSimulation/CSC454HW6/cpphw3Models/CppImpOfHW5/DrillPressModel.h</file>
            <file>file:/C:/Users/chrisrk192/Desktop/Fall17/SystemSimulation/CSC454HW6/cpphw3Models/CppImpOfHW5/Mem.h</file>
            <file>file:/C:/Users/chrisrk192/Desktop/Fall17/SystemSimulation/CSC454HW6/cpphw3Models/CppImpOfHW5/SimulationFramework.h</file>
            <file>file:/C:/Users/chrisrk192/Desktop/Fall17/SystemSimulation/CSC454HW6/cpphw3Models/CppImpOfHW5/Mem.cpp</file>
        </group>
    </open-files>
</project-private>
