<?xml version="1.0" encoding="UTF-8"?>
<configurationDescriptor version="100">
  <logicalFolder name="root" displayName="root" projectFiles="true" kind="ROOT">
    <logicalFolder name="HeaderFiles"
                   displayName="Header Files"
                   projectFiles="true">
      <itemPath>Binding.h</itemPath>
      <itemPath>DrillPressModel.h</itemPath>
      <itemPath>Event.h</itemPath>
      <itemPath>EventModelInterface.h</itemPath>
      <itemPath>EventNetwork.h</itemPath>
      <itemPath>EventScheduler.h</itemPath>
      <itemPath>Mem.h</itemPath>
      <itemPath>ModelInterface.h</itemPath>
      <itemPath>Network.h</itemPath>
      <itemPath>OutputTimePairs.h</itemPath>
      <itemPath>SimulationFramework.h</itemPath>
      <itemPath>TwoDTime.h</itemPath>
      <itemPath>VendingEventModel.h</itemPath>
      <itemPath>VendingMachine.h</itemPath>
      <itemPath>XOR.h</itemPath>
    </logicalFolder>
    <logicalFolder name="ResourceFiles"
                   displayName="Resource Files"
                   projectFiles="true">
    </logicalFolder>
    <logicalFolder name="SourceFiles"
                   displayName="Source Files"
                   projectFiles="true">
      <itemPath>Binding.cpp</itemPath>
      <itemPath>DrillPressModel.cpp</itemPath>
      <itemPath>Mem.cpp</itemPath>
      <itemPath>ModelInterface.cpp</itemPath>
      <itemPath>Network.cpp</itemPath>
      <itemPath>SimulationFramework.cpp</itemPath>
      <itemPath>VendingEventModel.cpp</itemPath>
      <itemPath>VendingMachine.cpp</itemPath>
      <itemPath>XOR.cpp</itemPath>
      <itemPath>main.cpp</itemPath>
    </logicalFolder>
    <logicalFolder name="TestFiles"
                   displayName="Test Files"
                   projectFiles="false"
                   kind="TEST_LOGICAL_FOLDER">
    </logicalFolder>
    <logicalFolder name="ExternalFiles"
                   displayName="Important Files"
                   projectFiles="false"
                   kind="IMPORTANT_FILES_FOLDER">
      <itemPath>Makefile</itemPath>
    </logicalFolder>
  </logicalFolder>
  <projectmakefile>Makefile</projectmakefile>
  <confs>
    <conf name="Debug" type="1">
      <toolsSet>
        <compilerSet>default</compilerSet>
        <dependencyChecking>true</dependencyChecking>
        <rebuildPropChanged>false</rebuildPropChanged>
      </toolsSet>
      <compileType>
        <ccTool>
          <commandLine>-std=c++11</commandLine>
        </ccTool>
      </compileType>
      <item path="Binding.cpp" ex="false" tool="1" flavor2="0">
      </item>
      <item path="Binding.h" ex="false" tool="3" flavor2="0">
      </item>
      <item path="DrillPressModel.cpp" ex="false" tool="1" flavor2="0">
      </item>
      <item path="DrillPressModel.h" ex="false" tool="3" flavor2="0">
      </item>
      <item path="Event.h" ex="false" tool="3" flavor2="0">
      </item>
      <item path="EventModelInterface.h" ex="false" tool="3" flavor2="0">
      </item>
      <item path="EventNetwork.h" ex="false" tool="3" flavor2="0">
      </item>
      <item path="EventScheduler.h" ex="false" tool="3" flavor2="0">
      </item>
      <item path="Mem.cpp" ex="false" tool="1" flavor2="0">
      </item>
      <item path="Mem.h" ex="false" tool="3" flavor2="0">
      </item>
      <item path="ModelInterface.cpp" ex="false" tool="1" flavor2="0">
      </item>
      <item path="ModelInterface.h" ex="false" tool="3" flavor2="0">
      </item>
      <item path="Network.cpp" ex="false" tool="1" flavor2="0">
      </item>
      <item path="Network.h" ex="false" tool="3" flavor2="0">
      </item>
      <item path="OutputTimePairs.h" ex="false" tool="3" flavor2="0">
      </item>
      <item path="SimulationFramework.cpp" ex="false" tool="1" flavor2="0">
      </item>
      <item path="SimulationFramework.h" ex="false" tool="3" flavor2="0">
      </item>
      <item path="TwoDTime.h" ex="false" tool="3" flavor2="0">
      </item>
      <item path="VendingEventModel.cpp" ex="false" tool="1" flavor2="0">
      </item>
      <item path="VendingEventModel.h" ex="false" tool="3" flavor2="0">
      </item>
      <item path="VendingMachine.cpp" ex="false" tool="1" flavor2="0">
      </item>
      <item path="VendingMachine.h" ex="false" tool="3" flavor2="0">
      </item>
      <item path="XOR.cpp" ex="false" tool="1" flavor2="0">
      </item>
      <item path="XOR.h" ex="false" tool="3" flavor2="0">
      </item>
      <item path="main.cpp" ex="false" tool="1" flavor2="0">
      </item>
    </conf>
    <conf name="Release" type="1">
      <toolsSet>
        <compilerSet>default</compilerSet>
        <dependencyChecking>true</dependencyChecking>
        <rebuildPropChanged>false</rebuildPropChanged>
      </toolsSet>
      <compileType>
        <cTool>
          <developmentMode>5</developmentMode>
        </cTool>
        <ccTool>
          <developmentMode>5</developmentMode>
        </ccTool>
        <fortranCompilerTool>
          <developmentMode>5</developmentMode>
        </fortranCompilerTool>
        <asmTool>
          <developmentMode>5</developmentMode>
        </asmTool>
      </compileType>
      <item path="Binding.cpp" ex="false" tool="1" flavor2="0">
      </item>
      <item path="Binding.h" ex="false" tool="3" flavor2="0">
      </item>
      <item path="DrillPressModel.cpp" ex="false" tool="1" flavor2="0">
      </item>
      <item path="DrillPressModel.h" ex="false" tool="3" flavor2="0">
      </item>
      <item path="Event.h" ex="false" tool="3" flavor2="0">
      </item>
      <item path="EventModelInterface.h" ex="false" tool="3" flavor2="0">
      </item>
      <item path="EventNetwork.h" ex="false" tool="3" flavor2="0">
      </item>
      <item path="EventScheduler.h" ex="false" tool="3" flavor2="0">
      </item>
      <item path="Mem.cpp" ex="false" tool="1" flavor2="0">
      </item>
      <item path="Mem.h" ex="false" tool="3" flavor2="0">
      </item>
      <item path="ModelInterface.cpp" ex="false" tool="1" flavor2="0">
      </item>
      <item path="ModelInterface.h" ex="false" tool="3" flavor2="0">
      </item>
      <item path="Network.cpp" ex="false" tool="1" flavor2="0">
      </item>
      <item path="Network.h" ex="false" tool="3" flavor2="0">
      </item>
      <item path="OutputTimePairs.h" ex="false" tool="3" flavor2="0">
      </item>
      <item path="SimulationFramework.cpp" ex="false" tool="1" flavor2="0">
      </item>
      <item path="SimulationFramework.h" ex="false" tool="3" flavor2="0">
      </item>
      <item path="TwoDTime.h" ex="false" tool="3" flavor2="0">
      </item>
      <item path="VendingEventModel.cpp" ex="false" tool="1" flavor2="0">
      </item>
      <item path="VendingEventModel.h" ex="false" tool="3" flavor2="0">
      </item>
      <item path="VendingMachine.cpp" ex="false" tool="1" flavor2="0">
      </item>
      <item path="VendingMachine.h" ex="false" tool="3" flavor2="0">
      </item>
      <item path="XOR.cpp" ex="false" tool="1" flavor2="0">
      </item>
      <item path="XOR.h" ex="false" tool="3" flavor2="0">
      </item>
      <item path="main.cpp" ex="false" tool="1" flavor2="0">
      </item>
    </conf>
  </confs>
</configurationDescriptor>
