<?xml version="1.0" encoding="UTF-8"?>
<project-private xmlns="http://www.netbeans.org/ns/project-private/1">
    <editor-bookmarks xmlns="http://www.netbeans.org/ns/editor-bookmarks/2" lastBookmarkId="0"/>
    <open-files xmlns="http://www.netbeans.org/ns/projectui-open-files/2">
        <group>
            <file>file:/C:/Users/chrisrk192/Desktop/Fall17/SystemSimulation/CSC454HW6/FinalVer/javaEvenBetter/CSC454HW6/src/csc454hw6/DrillPressModel.java</file>
            <file>file:/C:/Users/chrisrk192/Desktop/Fall17/SystemSimulation/CSC454HW6/FinalVer/javaEvenBetter/CSC454HW6/src/csc454hw6/EventNetwork.java</file>
            <file>file:/C:/Users/chrisrk192/Desktop/Fall17/SystemSimulation/CSC454HW6/FinalVer/javaEvenBetter/CSC454HW6/src/csc454hw6/SimulationFramework.java</file>
            <file>file:/C:/Users/chrisrk192/Desktop/Fall17/SystemSimulation/CSC454HW6/FinalVer/javaEvenBetter/CSC454HW6/src/csc454hw6/IntToStingModel.java</file>
            <file>file:/C:/Users/chrisrk192/Desktop/Fall17/SystemSimulation/CSC454HW6/FinalVer/javaEvenBetter/CSC454HW6/src/csc454hw6/StringtoIntModel.java</file>
            <file>file:/C:/Users/chrisrk192/Desktop/Fall17/SystemSimulation/CSC454HW6/FinalVer/javaEvenBetter/CSC454HW6/src/csc454hw6/ModelInterface.java</file>
            <file>file:/C:/Users/chrisrk192/Desktop/Fall17/SystemSimulation/CSC454HW6/FinalVer/javaEvenBetter/CSC454HW6/src/csc454hw6/CSC454HW6.java</file>
        </group>
    </open-files>
</project-private>
